region,listing_no,listing_title,point_name,point_type,latitude,longitude,os_grid_ref,access_notes,description
West Penwith,1,"Alsia Well, St Buryan",Alsia Well,main,50.0691,-5.6446,SW392251,Secret / Secluded,"Tucked away in the corner of a field behind the small hamlet of Alsia Mill, Alsia Well is secluded and little visited. A few ribbons and offerings are left there by others who have been lucky enough to discover its hidden location. Like Madron Well and St Euny's Well, parents and children visited Alsia Well on the first three Wednesdays in May to seek a cure for their sick and disabled offspring. Divination rituals, often concerning marriage prospects, included counting the bubbles after a pin or stone was thrown in the water"
West Penwith,1,"Alsia Well, St Buryan",Trailhead,trailhead,50.0705,-5.6428,SW394252,300m,
West Penwith,2,"Boscawen-ûn Stone Circle, Crows-an-Wra",Boscawen-ûn Stone Circle,main,50.0898,-5.6192,SW412273,,"The 19 stones of this circle are, according to legend, the petrified forms of young women who were turned to stone while dancing on the Sabbath. Reached by a narrow trackway, the circle is contained within a network of small fields and high hedgerows and, uniquely, has a central stone set at a sharp angle. The trackway is said to be an ancient processional route of the Druids who performed rituals at Boscawen-ûn, one of the few stone circles in the country with a recorded history. It was mentioned in the Welsh triads as one of the three British gorsedds (bardic or druidic meeting places). Step back in time and follow in the footsteps of the druids as you take the ancient track to the stone circle, hidden within its hedged enclosure. This powerful centre of ley energies has many mysteries, including one stone made entirely of white quartz. On a nearby outcrop of rock just north of Boscawen-ûn, known as Creeg Tol are indentations said to be a giant's footprints. Its proximity to Boscawen-ûn, which can clearly be seen on the slopes below, may indicate some ancient ritual connection between the two."
West Penwith,2,"Boscawen-ûn Stone Circle, Crows-an-Wra",Creeg Tol,nearby_feature,50.0916,-5.6217,SW410275,Giant's footprints; outcrop just north of the circle,
West Penwith,2,"Boscawen-ûn Stone Circle, Crows-an-Wra",Trailhead Parking,trailhead,50.0934,-5.6124,SW417277,900m,
West Penwith,3,"Bosence Chapel, Sancreed",Bosence Chapel,main,50.1177,-5.6293,SW406304,Private Land; Secret / Secluded,"Tiny Bosence Chapel now lies in ruins but legends of hauntings and unearthly lights hovering above it survive, such as the tale of Uter Bosence. One midsummer's night Uter was crossing a field when thick fog suddenly descended. He made his way to the familiar gap in the hedge, but unable to find it he tried to climb the hedge, which seemed to grow higher and higher. In desperation he got down and followed the hedge towards the old chapel where he saw the most frightful apparition of 'sprites and spriggans'. Terrified, he tried to flee but an unseen presence like a powerful wind sent him rolling down the field, tossing him over a hedge and pushing him through brambles, furze and bogs. Today, the chapel is a tranquil place, its ruins hidden by trees and wildflowers. Enjoy the peace there and commune with spirits of nature and ancient Celtic spirituality, but be aware that the location retains a sinister edge, especially at night!"
West Penwith,3,"Bosence Chapel, Sancreed",Trailhead,trailhead,50.1135,-5.6247,SW409300,1km,
West Penwith,4,"Carn Galver, Porthmeor",Carn Galver,main,50.1707,-5.6061,SW425363,,The rocky tor known as Carn Galver overlooks the ocean and contains an ancient Neolithic tor enclosure that was once home to a friendly giant called Holiburn. He protected the local people by launching rocks at the troublesome giants of Trencrom Hill. Many local landscape features are said to be his handiwork including piles of boulders and logan stones that he used for rocking himself to sleep. Holiburn befriended a local lad and the two liked to play quoits but their games came to an end when the giant patted the boy on the head and his skull caved in like a pie crust.
West Penwith,4,"Carn Galver, Porthmeor",Trailhead Parking,trailhead,50.1717,-5.6127,SW421364,600m,
West Penwith,5,"Castle-an-Dinas, Nancledra",Castle-an-Dinas,main,50.161637,-5.522961,SW484350,,"Some say the old giant Denbras made his home at Castle-an-Dinas before he was killed by Long Tom in single combat. Long Tom was transporting ale in his cart from Marazion to St Ives when he disputed Denbras' right to block the roads with his hedges. After his victory, Tom took possession of the stronghold but continued to keep the roads blocked so was challenged in turn by Jack the Hammer. When the battle resulted in stalemate, the two decided to live together at Castle-an-Dinas. Jack eventually married Tom's eldest daughter on the feast of Lughnasa and moved away to build Chûn Castle. In other stories, fairies were said to hold their fairs inside the enclosure. The remains of this Iron Age ring fort, which had two concentric stone ramparts, are now so overgrown with vegetation that the original stonework is hardly visible. Much more prominent are a turreted, ruined folly on the edge of the fort called Rogers' Tower and the working quarries situated nearby."
West Penwith,5,"Castle-an-Dinas, Nancledra",Trailhead,trailhead,50.1696,-5.527,SW482359,1.5km,
West Penwith,6,"Chûn Quoit, Bojewyan",Chûn Quoit,main,50.1486,-5.6377,SW402339,,"A remarkable survival from the early Neolithic period, Chûn Quoit is a dolmen with a mushroom-shaped capstone that has sat completely undisturbed for over 5,000 years. Dolmens were thought to have been created by legendary giants and one made this chambered tomb his home. On a hilltop 300m away is Chûn Castle, a circular Iron Age hillfort. Like Castle-an-Dinas, it has two concentric stone walls and these are still visible. According to folklore, the castle was built by Jack the Hammer, a local giant killer who first had to rid the hill of the troublesome giant who dwelt there. Chûn Quoit was erected to mark the giant's grave."
West Penwith,6,"Chûn Quoit, Bojewyan",Chûn Castle,nearby_feature,50.1487,-5.6338,SW405339,"Circular Iron Age hillfort, 300m away",
West Penwith,6,"Chûn Quoit, Bojewyan",Trailhead Parking,trailhead,50.143,-5.6496,SW393333,1.2km,
West Penwith,7,"Gwennap Head, Porthgwarra",Gwennap Head,main,50.0366,-5.6811,SW365216,,"This rocky headland, also known by its old Cornish name, Tol-Pedn-Penwith, features a stack of stepped rocks known as Madgy Figgy's Chair Ladder. Having climbed to the top, a legendary witch of the same name would launch herself into the air on a broomstick fashioned from a stem of ragwort. From her rocky perch, Madgy Figgy could also summon up storms that caused ships to be wrecked in Porth Loe. According to local folklore, a woman's body once washed up there after just such a shipwreck and Madgy, sensing there was something special about this female, buried the corpse at Porth Loe then hid the woman's jewels in a chest at her home in nearby Raftra. Afterwards a strange light would emerge from the grave at night and then pass over the cliffs, settling over the Chair Ladder before moving off to Maggie's hut and hovering over the chest. Three months later a mysterious stranger arrived from abroad, found the grave and then followed the light to Madgy's hut where he reclaimed the jewellery and then departed, leaving gifts in return."
West Penwith,7,"Gwennap Head, Porthgwarra",Trailhead Parking,trailhead,50.038,-5.673,SW370217,850m,
West Penwith,8,Madron Well,Madron Well,main,50.1397,-5.5765,SW445327,Popular,"One of Cornwall's most renowned healing wells, Madron Well is set in marshland and reached via a woodland path. Cures were sought there for a variety of ailments from aches, pains and stiffness to lameness, skin diseases, wounds and colic. In the usual ritual for a sick child, the parents would stand facing the sun and then plunge the naked child into the water three times. After they and the child had run around the well clockwise nine times, the child had to rest on a mound at the nearby chapel known as St Maddern's Bed. Small pieces of cloth could be torn from the child's clothing and then stuffed under a rock or hung on a nearby thorn tree to ensure healing and good fortune. The whole ritual, however, had to be performed in silence or the cure would not be effective and the procedure would have to be repeated. Presiding over these rituals, performed only on the first three Wednesdays in May, was the custodian. This was a local wise woman to whom the title had passed – the last was known as An' Katty. She would accept no money but balls of yarn or other useful items could be left. Pious people who visited the well preferred to ascribe its cures to St Maddern. The well water was reputed to give protection from witchcraft and the evil eye, and the well itself was used for divination. Pins, stones or straw crosses were dropped into the water and the resulting bubbles showed the number of years until a particular event (most often a marriage) would take place. If no pins were available, then sometimes just jumping beside the well and counting the bubbles would suffice. Also, if two pins dropped into the water landed close together, this indicated a successful relationship. Access to the original well, deep in marshland surrounded by alder and willow, is slippery and very difficult but the waters flow out nearer to the path into a shallow pool. Here, visitors leave brightly-coloured clooties (ribbons) and other offerings tied to the trees. A little further along the enchanted woodland pathway lie the ancient ruins of Boswarthen Chapel, into which the waters of another well flow. The disabled came to this Christian holy well for a healing ritual that involved leaving a small offering on the altar, drinking the water, and then sleeping there overnight."
West Penwith,8,Madron Well,Boswarthen Chapel,nearby_feature,50.1402,-5.5751,SW447328,"Ruined chapel with holy well, along the woodland path",
West Penwith,8,Madron Well,Trailhead,trailhead,50.1367,-5.5756,SW445324,400m,
West Penwith,9,"Mên-an-Tol, Morvah",Mên-an-Tol,main,50.1586,-5.6044,SW426349,Popular,"Nestled in a gorse enclosure up on the Penwith moors, the holed stone of Mên-an-Tol, with a standing stone at either end, has been renowned since ancient times for its magical cures. It was once known locally as the Crick Stone and, according to custom, crawling through the hole naked three times against the sun (i.e. anti-clockwise) would cure pains in the neck and back, as well as rheumatism. Children were passed through the hole to ensure good health, and the friendly pixie who inhabited the stone could help parents whose baby had been stolen and replaced by a changeling. Visitors could also ask questions of the pixie by placing two brass pins in a cross shape on the top of the stone and interpreting their movements. Mên-an-Tol continues to exert its power and visitors still dutifully clamber through its central hole. Continuing along the network of moorland paths you eventually reach the well-preserved Nine Maidens or Boskednan Stone Circle. Here, young women who danced on the Sabbath were turned to stone."
West Penwith,9,"Mên-an-Tol, Morvah",Nine Maidens / Boskednan Stone Circle,nearby_feature,50.1605,-5.5938,SW434351,1.5km from Mên-an-Tol,
West Penwith,9,"Mên-an-Tol, Morvah",Trailhead Parking,trailhead,50.1535,-5.6149,SW418344,1km,
West Penwith,10,"Merry Maidens Stone Circle, Lamorna",Merry Maidens Stone Circle,main,50.0651,-5.5887,SW432245,,"This large and well-preserved circle of stones stands in a grassy field surrounded by farmland. These fun-loving 'merry maidens' were turned to stone while dancing on the Sabbath, as were the musicians who accompanied them then tried to flee the scene. The two huge stones nearby are The Pipers and some sources say the Blind Fiddler was another musician who met the same fate. The Merry Maidens are thought to be unmovable and cattle who have been harnessed to dislodge them are said to have collapsed and died. Less than a kilometre away, in the gardens of Rosemerryn House, lies a mysterious tunnel lined with megalithic blocks. This is Boleigh Fogou, an enigmatic structure which, according to folklore, was a gathering place of witches. The local squire was out hunting near Lamorna when a hare he was chasing disappeared into Boleigh Fogou. There he found a coven with witches dancing around a fire and recognising one as 'Bet of the Mill' concluded she had taken the form of the hare he'd pursued. The fogou can be visited by calling the number on a sign located by the driveway to Rosemerryn House. The fishing village of Lamorna was also once home to a mermaid who sat on a rock in Lamorna Cove, either luring unsuspecting fishermen or warning them of storms. Mermaid Rock, now known as Half-Tide Rock, is submerged at high tide."
West Penwith,10,"Merry Maidens Stone Circle, Lamorna",The Pipers (north),nearby_feature,50.0674,-5.5859,SW434247,Private land,
West Penwith,10,"Merry Maidens Stone Circle, Lamorna",The Pipers (south),nearby_feature,50.0681,-5.5851,SW435248,Private land,
West Penwith,10,"Merry Maidens Stone Circle, Lamorna",Blind Fiddler,nearby_feature,50.0979,-5.6016,SW425281,Private land,
West Penwith,10,"Merry Maidens Stone Circle, Lamorna",Boleigh Fogou,nearby_feature,50.0715,-5.5829,SW437251,Private land; visit by calling number at Rosemerryn House,
West Penwith,10,"Merry Maidens Stone Circle, Lamorna",Rosemerryn House sign,nearby_feature,50.0699,-5.5835,SW436250,Driveway sign for fogou access,
West Penwith,10,"Merry Maidens Stone Circle, Lamorna",Mermaid Rock / Half-Tide Rock,nearby_feature,50.0609,-5.5579,SW454239,Submerged at high tide,
West Penwith,11,"St Euny's Well, Brane",St Euny's Well,main,50.1033,-5.6375,SW399289,,"At this magical well with a stone arch, the waters are accessed by walking down a short flight of stone steps. Overhanging trees are adorned with clooties and other offerings that enhance the magical atmosphere of the place. A sacred well since pre-Christian times, its waters could heal wounds and cure sick children, who were immersed there on the first three Wednesdays in May. In one folk tale, Jenny Trayer who lived just to the west of Carn Brea had her baby stolen and replaced by the spriggans of Bartinney with a fairy changeling. To get back her own child, Jenny took the changeling to St Euny's Well and after immersing him in the water three times, she ran with him around the well three times widdershins (anti-clockwise). In some versions of the story, she was reunited with her own child but he always suffered from ill-health. Nearby Carn Brea, also called Chapel Carn Brea, is the most westerly hill in Cornwall and a prominent feature of the landscape. Pagan fires used to burn on its summit before it became a Christian site with a chapel dedicated to Archangel Michael (now ruined and barely visible). Many ancient barrows along the coast are aligned with Carn Brea, signifying that this was once a sacred hill. On the other side of St Euny's Well, Carn Euny is a remarkably well-preserved Iron Age village with a large underground fogou reached by a curving passage. The fogou was probably used for ritual purposes and it certainly feels like a mysterious portal to the underworld. To the east of Carn Euny is the ring fort of Caer Brân, which has both Bronze and Iron Age remains and was also a ceremonial site. Known to be an abode of the fairies, it was said that nothing evil could pass through there."
West Penwith,11,"St Euny's Well, Brane",Carn Brea (Chapel Carn Brea),nearby_feature,50.095,-5.6563,SW385280,Most westerly hill in Cornwall,
West Penwith,11,"St Euny's Well, Brane",Carn Brea Trailhead Parking,trailhead,50.0976,-5.6526,SW388283,450m,
West Penwith,11,"St Euny's Well, Brane",Carn Euny,nearby_feature,50.103,-5.6342,SW402288,Iron Age village with fogou; popular,
West Penwith,11,"St Euny's Well, Brane",Caer Brân,nearby_feature,50.1047,-5.6269,SW407290,"Ring fort, east of Carn Euny",
West Penwith,12,"St Levan's Stone, St Levan",St Levan's Stone,main,50.0422,-5.6601,SW380221,,"A large cleft boulder in the village churchyard is known as St Levan's Stone and was reputed to have been split when St Selevan, an early Cornish saint, struck it with his fist or his staff. A prophecy, said to have been uttered by Merlin, is associated with the rock:
“When a horse can ride
with panniers astride
though St Levan's stone
the earth will be done.”
St Levan's Holy Well, where people went to cure their toothache, is a short distance away on the cliff top with stunning views over Porth Chapel bay."
West Penwith,12,"St Levan's Stone, St Levan",St Levan's Holy Well,nearby_feature,50.0398,-5.6594,SW380219,"Cure for toothache; cliff top, Porth Chapel bay",
West Penwith,13,"St Michael's Mount, Marazion",St Michael's Mount,main,50.1165,-5.4781,SW514298,Castle & Church £££; parking in Marazion; Very Popular,"Iconic St Michael's Mount is accessible only at low tide via a long cobbled causeway. When the tide is high, like a mystical Isle of Avalon it can only be reached by boat. Its conical shape, topped by a church dedicated to Archangel Michael, is clearly visible from the hills and coastline all around. When sea levels were much lower, Mounts Bay was part of the legendary sunken kingdom of Lyonesse that extended all the way to the Isles of Scilly. At that time, St Michael's Mount lay hidden in a forest and was known as Karrek Loos yn Koos, 'grey rock in the wood'. This pale rock was transported from Trencrom Hill by the giantess Cormelian on the instructions of her fierce husband Cormoran, who was building their home on the Mount while stealing cattle from local farmers. Cormelian tried to substitute some local green-coloured stone but Cormoran found out and forced her to drop it where she stood. It formed the small rocky outcrop known as Chapel Rock. Cormoran shared tools with the giant Trecrobben who lived on Trencrom Hill. They would fling the tools back and forth as and when they were needed. But one day Cormoran called to Trecrobben for a cobbler's hammer and just as he threw it Cormelian came out of her cave. Blinded by the sun, she didn't see the hammer which hit her straight between the eyes and killed her outright. Cormoran mourned Cormelian and buried her under Chapel Rock, which subsequently became the site of an early 15th-century chapel to St Katherine where pilgrims would halt before making the crossing to ascend the Mount. Local people eventually grew tired of Cormoran's stealing and a local hero lured him into a huge pit and finished him off. He became known as Jack the Giant Killer. On the Mount, you'll find memorials to Cormoran – the Giant's Well, source of the Mount's water supply where local people made wishes, and a rock beside it known as the Giant's Heart. After fishermen at sea saw a vision of Archangel Michael on the Mount, it became a holy shrine and a site of pilgrimage. A monastery may have existed there and later a castle and church were built on its summit. On top of the tower of St Michael's Church is a stone structure known as St Michael's Chair. In local folklore, when a couple have just been married, the first one to make it up to the chair will have the upper hand. Just by the church, the exposed bedrock of the mount's summit can be seen, and it is said that a truly romantic wish made there will always be granted. St Michael's Mount is also a place of power where two of the most significant ley lines in Britain – the Michael/Mary and the Apollo/Athena lines – cross. The Michael line runs from the tip of Cornwall to East Anglia, following the alignment of the Beltane and Lughnasa sunrise, passing through many other churches along the way that are also dedicated to Archangel Michael, including Brent Tor, Glastonbury Tor and Burrow Mump. All of these may have been the sites of pagan temples dedicated to Bel or Lugh, the gods of light. The Apollo line runs all the way from Skellig Michael off the west coast of Ireland, through Cornwall, to France, Italy, Greece and Israel, again passing through many ancient shrines dedicated to Archangel Michael and to the sun god Apollo. One of these is Mont Saint Michel, the French counterpart to St Michael's Mount. The similarities between these two sites are remarkable – each is a conical tidal island topped by a church dedicated to Archangel Michael."
West Penwith,13,"St Michael's Mount, Marazion",Chapel Rock,nearby_feature,50.1225,-5.4757,SW516305,Low tide only,
West Penwith,13,"St Michael's Mount, Marazion",Giant's Well,nearby_feature,50.1171,-5.4776,SW514299,Mount's water supply; wishing well,
West Penwith,14,Sennen Cove,Sennen Cove (Parking),main,50.0778,-5.7048,SW350263,Parking £; Very Popular,"The popular village of Sennen Cove lies at the southern end of stunning Whitesand Bay, just above Land's End, on the western tip of Cornwall. Although mermaids visited the waters around Sennen Cove, a better-known local legend is that of the Sennen Whooper. When mist started to descend over Cowloe Rocks out in the bay, the villagers sometimes heard a strange sound and interpreted it as a warning not to go out to sea. One day two fishermen ignored the Whooper and set out through the mist, never to be seen again. Sennen was also home to a local wise woman who could control the winds, sending a west wind to blow the Danish fleet away when they were about to invade. Fairies, too, were seen in Sennen Cove. According to one story, two young sisters went to a well one night to fetch water and saw the little people dancing there, their skins white as snow and dressed in white muslin. Walk out from the village to the rocky headland and you may still sense the ancient spirits of the ocean as you gaze out over Cowloe Rocks. A little further along the South West Coast path heading west is Maen Castle, an Iron Age promontory fort, its ruins rooted in a rocky headland. Semi-circular banks and ditches, as well as an ancient stone gateway, guard a grassy mound that was once the home of a family of legendary giants. They were in conflict with the giants of Treryn Dinas, who had abducted one of their children."
West Penwith,14,Sennen Cove,Cowloe Rocks,nearby_feature,50.0805,-5.7076,SW348266,Out in the bay; home of the Sennen Whooper,
West Penwith,14,Sennen Cove,Maen Castle,nearby_feature,50.0727,-5.7083,SW347257,"Iron Age promontory fort, 800m from Sennen Cove",
West Penwith,15,"Treryn Dinas, Treen",Treryn Dinas,main,50.0412,-5.6365,SW397220,Popular,"This stunning natural cliff-top fortress dominates a rocky headland and is the perfect giants' lair. You can almost see the faces of these ancient petrified giants etched into the stone of the seaward-facing cliffs, forever gazing out to sea. One of the occupiers was Den an Dynas, a deaf and dumb giant who protected the coast by hurling huge boulders at approaching ships. His giantess wife An' Venna built its huge landward defences, while the headland itself was created by a sorcerer who summoned it up from the ocean and locked it in place by dropping a boulder into a deep hole. Another story tells of a giant couple who lived at Treryn Dinas but were unable to conceive a child so they stole one from their enemies, a family of giants at Maen Castle. When the giantess grew tired of her husband, she began a relationship with her adopted son and threw her husband off the cliff. In his dying moments, the giant called out for vengeance and his wife was turned into the famous Logan Rock at the top of the cliffs. The logan stone, which weighs over 90 tons and is the largest in Cornwall, was reputed to cure sick children who, in spite of the dangerous climb, were taken to be rocked on it. Local people made a sport of trying to tip the stone over, though it wouldn't budge more than an inch until a group of Royal Navy sailors tipped the stone off the cliff! They were made to put it back in place, at considerable expense and effort, but unfortunately the stone now no longer rocks. Treryn Dinas was also considered an enchanted place. Fairies inhabited the seaward side of the cliffs where they tended their flower gardens and played sweet sounding music that could be heard by passing fishermen. At midsummer, fairy lights twinkled in the darkness of the enchanted gardens and a sweet perfume wafted in on the breeze. Climb over the huge rocky outcrops then lie among the pink sea thrift in spring and feel the magic of this ancient fairy realm."
West Penwith,15,"Treryn Dinas, Treen",Trailhead Parking,trailhead,50.0499,-5.6409,SW394229,1km,
West Penwith,16,"Twelve O'Clock Stone, Cripplesease",Twelve O'Clock Stone,main,50.1812,-5.4957,SW505370,Secret / Secluded,"Sitting atop a stack of huge boulders on the southern flank of Trink Hill, this magical stone is said to rock like a cradle at midnight. Children would be placed on it at this propitious time to be cured of rickets and other diseases. From the stone, you have a clear view of Trencom Hill and St Michael's Mount, the homes of the giants Trecobben and Cormoran. Trink Hill also has its own giant associations: a rock known as the Giant's Chair once stood here."
West Penwith,16,"Twelve O'Clock Stone, Cripplesease",Trailhead Parking,trailhead,50.1787,-5.5026,SW500368,1km,
West Penwith,17,Zennor,Zennor,main,50.1918,-5.5674,SW454385,,"Celebrated for its famous mermaid, Zennor is a clifftop village steeped in legend and its church contains an ancient wooden panel carved with the mermaid's image. According to the story, young Mathey (Matthew) Trewella was singing in Zennor church when he was entranced by a beautiful woman called Morveren who was occasionally seen at services. The two fell in love and one day they set off walking towards the cliffs but were never seen again. People whispered among each other that Morveren was one of the sea people and had abducted Mathey. Years later some fishermen were anchored out at sea near Pendour Cove when they heard the cry of a mermaid from the waves. She asked them to haul up their anchor as it was blocking the entrance to her house and she was anxious to get back to her husband Mathey and their children. The terrified captain quickly obliged and returned to Zennor, where he related the tale. It confirmed the villagers' long-held suspicions that Morveren was a mermaid who had enticed Mathey down to her underwater realm. Sometimes Mathey's wailing could be heard at Pendour Cove – a warning of bad weather to come. Just outside the village of Zennor is the Giant's Rock, a huge logan stone that now barely moves but was once the rocking chair of the legendary giant of Carn Galver. It must have been a very sensitive stone because anyone who climbed up without it rocking would become a powerful witch. Also, on Zennor Hill just to the southeast of the village, there is a finely balanced Logan Stone. The huge weight of the boulder concentrated on a tiny area of crystal-rich rock causes the quartz crystals to release an electrical charge, said to produce healing and magical effects. Further along the hill is Zennor Quoit, a collapsed Neolithic dolmen said to have been constructed by a giant. According to local tradition, if the stones are removed they will always find their way back, leaving a curse upon the perpetrators."
West Penwith,17,Zennor,Pendour Cove,nearby_feature,50.1955,-5.5774,SW447389,800m from Zennor; mermaid's cove,
West Penwith,17,Zennor,Giant's Rock,nearby_feature,50.1942,-5.569,SW453387,300m from Zennor; private land; logan stone,
West Penwith,17,Zennor,Logan Stone (Zennor Hill),nearby_feature,50.189,-5.5559,SW462381,1km from Zennor,
West Penwith,17,Zennor,Zennor Quoit,nearby_feature,50.188,-5.5474,SW468380,1.6km from Zennor; collapsed Neolithic dolmen,
West Penwith,18,"Ballowall Barrow, St Just",Ballowall Barrow,main,50.1225,-5.7015,SW355312,,"Also known as Carn Gluze, Ballowall Barrow is an amazingly well-preserved Bronze Age chambered stone tomb with a circular arrangement of stone walls. Cornish miners returning home in the evenings reported seeing lights glowing on the barrow and fairies dancing all around it."
West Penwith,19,"Carn Kenidjack, Pendeen",Carn Kenidjack,main,50.1389,-5.6571,SW387329,,"The eerily shaped rocky outcrop of Carn Kenidjack stands like a fortress on Woon Gumpus Common. This wild expanse of moorland, also known as the 'Gump', is one of the most spirit-haunted places in Cornwall where fairies and all kinds of otherworldly beings have been seen singing and cavorting. Carn Kenidjack seems to have been at the centre of all this supernatural activity and people avoided it, especially at night, for fear of being either pixie-led and abducted by the fairies or encountering the wild hunt (see quote). It was also known as the Hooting Cairn owing to an eerie sound that sometimes emanated from the rocks on dark nights.
“Few go near that wisht place, about the turn of night, without hearing, if not seeing, the Old One and his hounds, hunting among the rocks for any restless spirits that may have strayed so far from the churchyard.”
Wisht means 'ill-wished' or 'cursed' and the Old One refers to Arawn, lord of the underworld, leading the wild hunt while on the lookout for lost souls. The Gump was also haunted by Old Moll, the spirit of a terrifying witch who lived nearby. She is sometimes seen in the mist, wearing a red shawl and seated by an old well. One moonlit night, a foolish man set out alone across the Gump, intent on stealing the fairies' gold. Soon, he began to hear music that was so beautiful it made him both laugh and cry, then out of a door in the hillside poured hundreds of tiny spriggans carrying sparkling lamps. They set up a huge feast and began to dine from golden plates, luring the greedy man ever closer until he was so near he tried to scoop up the fairy prince and princess and all their gold in his hat. Immediately a shrill sound whistled through the air, all the lights went out and the man felt spriggans crawling all over him, like insects, before he was tied down with fine threads. When dawn finally arrived the spriggans had disappeared and he was alone on the Gump – cold, frightened, wet and covered in gossamer threads. Two miners also had a ghostly encounter on the Gump as they lost their way one dark and starless night. Finding themselves wandering near Carn Kenidjack, they heard a low, moaning sound and saw an unearthly glow above the rocks. The miners sensed that other beings were passing in the darkness, all making their way towards the cairn, and soon they too felt drawn to it. On arrival, they witnessed a large crowd of supernatural beings watching a brutal wrestling match. One of the miners, who was also a lay preacher, felt compelled to say a prayer for the unfortunate loser. This had an immediate and startling effect. Everything went dark and all the beings turned into spots of light, like will o'wisps, then disappeared into the night. Despite all the dark and sinister tales, Carn Kenidjack has a magical atmosphere (at least when visited in the daytime) and feels like a place of real power in the landscape. Another power spot in close proximity to Carn Kenidjack is Tregeseal Stone Circle where many ley lines are said to cross."
West Penwith,19,"Carn Kenidjack, Pendeen",Tregeseal Stone Circle,nearby_feature,50.1337,-5.6585,SW386323,Where many ley lines are said to cross,
West Penwith,19,"Carn Kenidjack, Pendeen",Trailhead Parking,trailhead,50.143,-5.6496,SW393333,1km,
West Penwith,20,"Rosewall Hill Mines, St Ives",Rosewall Hill Mines,main,50.2006,-5.5102,SW496392,,"Tin has been mined in Cornwall since the Bronze Age when it was traded all over Europe to make bronze weapons and artefacts. Rosewall Hill near St Ives is riddled with these ancient mines whose supernatural inhabitants were known as 'knockers' on account of the strange, knocking sounds they made. While deep underground, miners would go to where the sounds were loudest and sometimes they were led to new veins of ore. In return for this valuable guidance, miners would leave offerings but any who didn't acknowledge the knockers or disrespected them might fail to find any more tin or be lured to their deaths. Decaying stone chimneys, overgrown with ivy, are now all that remains of the tin-mining industry on Rosewall Hill, but by sitting quietly and listening you may still connect with the spirits dwelling deep within the maze of tunnels and caverns far below."
West Penwith,20,"Rosewall Hill Mines, St Ives",Trailhead Parking,trailhead,50.2017,-5.5223,SW487394,1km,
West Penwith,21,"Trencrom Hill, Lelant",Trencrom Hill,main,50.1739,-5.4775,SW517362,,"Originally the site of a Neolothic tor enclosure, then an iron Age hill fort, this grassy hill crowned with rocky outcrops was once home to a legendary giant called Trecobben. He shared his tools with the giant Cormoran of St Michael's Mount – visible in Mounts Bay to the south – and was said to have buried treasure in the labyrinthine passages under Trencrom Hill. One man went to look for it but as he dug, a terrible storm erupted and hundreds of tiny spriggans appeared from the rocks, growing to giant size and threatening him until he fled in terror. Another story relates how an old woman came upon some Trencrom spriggans counting their treasure in a house near Carbis Bay. She stole some of the gold from them but suffered from mysterious pains thereafter. On the summit of the hill beneath one of the many rocky outcrops is a natural stone well under a shelf of rock, while on the east side of the hill, hidden in the bracken, a stone structure known as the Giant's Well has now been capped. At the bottom of the hill, beside a stream that flows along its northern edge, a huge rounded boulder known as Bowl Rock was said to have been used by Trecobben in a game of bowls."
West Penwith,21,"Trencrom Hill, Lelant",Natural stone well (summit),nearby_feature,50.1742,-5.4786,SW517362,Under a shelf of rock on the summit,
West Penwith,21,"Trencrom Hill, Lelant",Giant's Well,nearby_feature,50.1747,-5.4747,SW519362,East side of hill; now capped,
West Penwith,21,"Trencrom Hill, Lelant",Bowl Rock,nearby_feature,50.1789,-5.4712,SW522367,"Boulder at foot of hill, beside stream",
West Penwith,21,"Trencrom Hill, Lelant",Trailhead Parking,trailhead,50.1716,-5.4776,SW517359,300m,
West Penwith,22,"Venton Uny Fairy Well, Carbis Bay",Venton Uny Fairy Well,main,50.1954,-5.454,SW535385,Secret / Secluded,"Tucked away in the wooded cliffs above St Ives Bay, this magical little wishing well is an ancient rock-cut basin that still fills with clear, fresh water before the flow cascades over the cliff edge to the sands far below. Local people left bent pins here for the fairies when they made wishes, and visitors still tie ribbons and other offerings to the branches all around the well. Hidden in the cliff-side foliage, the well receives relatively few visitors. Follow the South West Coast Path east from the railway bridge in Carbis Bay until you see a tiny turning to the left, just before the well."
West Penwith,22,"Venton Uny Fairy Well, Carbis Bay",Trailhead,trailhead,50.1975,-5.4637,SW529388,1km,
North Wales,1,"Bwlch y Groes, Llanymawddwy",Bwlch y Groes (car park),main,52.7962,-3.6133,SH913232,Parking,"This rocky mountain pass is traversed by the highest road in North Wales and was the scene of a legendary battle between King Arthur and a giant. Arthur was travelling through the pass on his way to meet Merlin when he encountered the giant, Rhitta Gawr, who wore a cloak made from the beards of all the men he had slaughtered. Thinking Arthur's beard would make a fine addition to his gruesome cloak, Rhitta attacked but Arthur slew him with one mighty blow from his sword and threw the giant's body down the mountainside. The corpse of Rhitta was eventually buried under a cairn on the summit of Mount Snowdon. To the west of Bwlch y Groes is the mountain of Aran Fawddwy with the lake of Creiglyn Dyfi just below the summit. The whole area between the mountain and pass was a favourite haunt of the fairies who liked to play and dance on the green hillsides. A boy once encountered two fairy women whilst walking along the pass and they tried to entice him into a dance. Knowing he would be lost forever if he joined them, he ran away as fast as he could! A small car park at Bwlch y Groes gives travellers a chance to stop to admire the breathtaking views and to explore the mountainous terrain around this legendary pass."
North Wales,1,"Bwlch y Groes, Llanymawddwy",Aran Fawddwy,nearby_feature,52.7871,-3.6879,SH862223,Mountain to the west,
North Wales,1,"Bwlch y Groes, Llanymawddwy",Creiglyn Dyfi,nearby_feature,52.7882,-3.6824,SH866225,Lake just below the summit,
North Wales,2,"Cadair Idris, Dolgellau",Cadair Idris,main,52.7008,-3.9068,SH712131,Popular,"The stark peaks of Cadair Idris mountain were once home to a giant known as Idris – a poet, astronomer and prince amongst giants. Idris liked to sit near the summit upon his stone 'seat' (cadair), a wide, shallow depression on top of a rock. Three huge rocks at the foot of the mountain are said to be 'pebbles' shaken from the giant's shoe as he sat on the chair. Possibly harking back to an ancient Bardic tradition, it was believed that anyone who spent a night sleeping upon the chair would be found the next morning either a poetic genius, insane or dead. There is a story that Idris and his brother who lived on Cadair Bronwen in the Berwyn Mountains (see Pistyll Rhaeadr) would share a hammer which they threw back and forth. Cadair Idris was also a meeting ground for witches who gathered there to dance on the Sabbats. There is said to be a rock on the mountain where the Devil left his hoof print as he danced, presumably while attending one of these Sabbats. The fairy king Gwyn ap Nudd also leads the wild hunt across the slopes of the mountain with his pack of Cwn Annwn – white fairy dogs with blood red ears. The fairy folk who lived on the mountain would come down and visit people's homes in disguise, rewarding those who provided them with good hospitality. One man, Morgan Rhys, was especially favoured by the fairies who gave him an enchanted harp. He could play any tune he wished simply by touching a finger to the strings. The lakes on Cadair Idris are said to be connected by underground caverns and a stick thrown into one lake could eventually surface in one of the others. Anyone who attempts to divert water from the lakes, however, will incur the wrath of the mountain spirits who will drive them away with thunder and lightning. A particularly sinister spirit that haunts the waters of Llyn Gwernan would watch people climbing the highest tracks of Cadair Idris before sending forth storms and dense fog to disorientate them, hoping that they would stumble and fall down the mountainside. Another lake, Llyn Cau, is said to be the lair of an afanc, a fearsome water monster that King Arthur dragged from Llyn Barfog far to the south."
North Wales,2,"Cadair Idris, Dolgellau",Llyn Cau,nearby_feature,52.695,-3.9029,SH714125,Lair of an afanc; 5.6km,
North Wales,2,"Cadair Idris, Dolgellau",Llyn Cau Trailhead Parking,trailhead,52.6869,-3.8776,SH731115,2.6km,
North Wales,2,"Cadair Idris, Dolgellau",Llyn Gwernan,nearby_feature,52.7267,-3.9206,SH703160,Haunted lake; 1km,
North Wales,2,"Cadair Idris, Dolgellau",Trailhead Parking,trailhead,52.7194,-3.9293,SH697152,4.5km,
North Wales,3,"Coetan Arthur & Moelfre Hill, Dyffryn Ardudwy",Coetan Arthur,main,52.7846,-4.0942,SH588228,,"At the foot of Moelfre Hill, near the town of Dyffryn Ardudwy, lies a Neolithic burial cairn with two intact dolmens known as Coetan Arthur. They were said to have been quoits thrown from Moelfre Hill by a giant, or by King Arthur himself who left his fingerprints indented into the stones. There is also said to be treasure buried there, the location of which will be revealed when the end of a rainbow touches the cairn. Moelfre Hill is the location of a story concerning three women who were turned to stone for winnowing corn up there on a Sunday. The three standing stones near the hill's summit are no longer there, but the story has led to speculation that they represented an ancient triple goddess who was 'defeated' by Christianity. By a small country lane that passes over the north-western slope of Moelfre Hill lies Ffynnon Enddwyn, a holy well dedicated to the female St Enddwyn. It is enclosed by a rough stone wall and enjoys extensive views from the mountainside down to the coast. When St Enddwyn was healed by bathing in the waters many others came to be cured of all kinds of diseases. As well as drinking the water they would also apply poultices made from the moss that grew around the well. The disabled would leave their crutches behind as a sign of their miraculous cures, while others would throw pins into the well to ward off evil spirits. It's likely that people have been venerating this well since pagan times, and that the story of St Enddwyn was attached to Christianise this sacred feminine site."
North Wales,3,"Coetan Arthur & Moelfre Hill, Dyffryn Ardudwy",Moelfre Hill,nearby_feature,52.8013,-4.0392,SH626245,Standing-stone / triple-goddess legend,
North Wales,3,"Coetan Arthur & Moelfre Hill, Dyffryn Ardudwy",Moelfre Hill Trailhead,trailhead,52.7872,-4.0739,SH602230,3km; no paths to summit,
North Wales,3,"Coetan Arthur & Moelfre Hill, Dyffryn Ardudwy",Ffynnon Enddwyn,nearby_feature,52.8095,-4.0582,SH613255,Holy well of St Enddwyn,
North Wales,4,"Dinas Emrys, Beddgelert",Dinas Emrys,main,53.0222,-4.0789,SH606492,,"Nestled amongst the mountains of Snowdonia, this densely wooded hill crowned by ancient overgrown fortifications was the scene of a legendary confrontation between Myrddin Emrys (Merlin) and the fatally flawed King Vortigern who was trying to build his fortress there. Work began on building a tower but each morning the structure was found in ruins. After consulting his magicians, Vortigern was advised to find a child with no human father who could be sacrificed and his blood mixed with the mortar to cement the stones together. Eventually young Myrddyn Emrys from Carmarthen was brought to Dinas Emrys to be sacrificed, but through his magical powers he saw that Vortigern's problems were caused by the presence of two dragons, one red and one white, asleep in a hidden pool beneath the foundations. So Vortigern's men dug down and uncovered the pool, waking the dragons who began to fight ferociously. The white dragon was defeated and fled, and ever since the red dragon has been the symbol of Wales. The fortress was built and named Dinas Emrys in honour of the young wizard, who later had his own fortress there. The tale of Lludd and Llefelys in The Mabinogion explains how the dragons were first captured near Oxford and came to be imprisoned at Dinas Emrys (see St Margaret's Well). Curiously, archaeological excavations have revealed traces of an artificial pool built during the 5th-century reoccupation of the fortress. In a Welsh Arthurian legend, King Arthur began his final journey at Dinas Emrys, from where he and his men marched to Mount Snowdon and Arthur was slain in battle. Myrddin also reputedly buried his treasure in a cavern hidden within the hill and sealed the entrance. When its rightful owner, a youth with golden hair and blue eyes appears, a bell will ring and the stone boulder will magically roll to one side as soon as the chosen one touches it with his foot. One local man thought to uncover the treasure for himself but when he began to dig the ground shook violently and unearthly noises echoed from beneath his feet. The sun was swallowed by black clouds and a terrible storm blew up as the terrified man ran for home. Little remains visible of the fortifications nowadays but the summit has the feel of an enchanted Otherworld with twisted trees and ancient earthworks. The associations with Myrddin and Vortigern give this place an air of myth and mystery that still hangs over this magical location."
North Wales,4,"Dinas Emrys, Beddgelert",Trailhead Parking,trailhead,53.0195,-4.0891,SH599489,£; 1.2km,
North Wales,5,"Llyn Barfog, Aberdovey",Llyn Barfog,main,52.5691,-3.9887,SN653986,,"Lying in a remote spot in the hills above the Dyfi estuary, Llyn Barfog was once home to an afanc, a water monster that rampaged through the area killing livestock until it was eventually dispatched by King Arthur. He dragged it from the lake using magical chains and some say he killed it, while others claim he took the afanc to Cadair Idris and released it into the waters of Llyn Cau. A stone beside a footpath leading to Llyn Barfog bears a hoof print made by King Arthur's horse during his fierce battle with the afanc and is known as Carn March Arthur. Another legend tells of fairies living near the lake who were often seen in the evenings walking with their white dogs and grazing beautiful white cows on its shores. A farmer managed to steal one of these miraculous cows which became renowned for its rich and plentiful milk and equally bountiful progeny. In time the cow grew old so the farmer took it to be slaughtered but when the butcher raised his knife a cry sounded from the lake above. There stood a fairy woman clad in green who summoned the cow and all its offspring, and the farmer could only watch in dismay as each one slipped beneath the surface of the lake and back to the Otherworld."
North Wales,5,"Llyn Barfog, Aberdovey",Carn March Arthur,nearby_feature,52.5644,-3.9925,SN650981,Hoof-print stone; 700m from Llyn Barfog,
North Wales,5,"Llyn Barfog, Aberdovey",Trailhead Parking,trailhead,52.5683,-4.0079,SN640986,1.5km,
North Wales,6,"Llyn Cynwch, Llanelltyd",Llyn Cynwch,main,52.7724,-3.8711,SH738210,,"According to legend a whole fairy kingdom lies hidden below the surface of Llyn Cynwch, a lake on the southern edge of Snowdonia National Park. A servant from the Nannau estate was on his way to visit his sweetheart at Dol-y-clochydd on the opposite side of the lake when he accidentally fell into the water. He sank down and down but instead of drowning he suddenly found himself on dry land where, welcomed by a little man, he attended a great feast where he stayed for hours until he remembered his sweetheart had been expecting him. The little man led him along a tunnel, then up a staircase that climbed higher and higher until it emerged from behind the hearth in the very house where his sweetheart worked. Amazed by this experience, his shock increased when he learned he had been missing for many months. A serpent-like dragon known as a wiber was also said to terrorise the area around Llyn Cynwch, devouring its victims after paralysing them with a malevolent stare. However, a quick-thinking shepherd chanced upon the wiber as it slept on the hillside below the ancient hillfort of Foel Faner and, driving a stake through its eye, he killed it. A cairn was raised over the wiber's body and became known as Carnedd y Wiber. Llyn Cynwch is in a beautiful location surrounded by mountains and woodland, and a footpath, the 'Precipice Walk,' passes over the hills on the western side of the lake and gives dramatic views across the landscape."
North Wales,6,"Llyn Cynwch, Llanelltyd",Carnedd y Wiber,nearby_feature,52.7664,-3.8778,SH734204,Cairn over the slain wiber,
North Wales,6,"Llyn Cynwch, Llanelltyd",Trailhead Parking,trailhead,52.7737,-3.8609,SH745211,1.3km,
North Wales,7,"Llyn Tegid, Bala",Llyn Tegid (car park),main,52.9059,-3.6045,SH921354,Parking,"A magical island in the largest natural lake in Wales, Llyn Tegid (Bala Lake), was once the legendary home of the goddess Ceridwen and her giant husband Tegid Foel. There, for a year and a day, she brewed a potion in a huge cauldron that would bestow ultimate wisdom (awen) upon her ugly and stupid son Afagddu. While a boy, Gwion, was tending the cauldron on the last day, the first three drops of the hot potion spattered on his thumb, which he accidentally sucked and thereby took all the wisdom for himself. Gwion fled and Ceridwen followed him in a rage but the boy shape-shifted three times turning into a hare, a salmon, and then a bird. Gwion eventually transformed himself into a grain of wheat and hid in a granary but Ceridwen, having spotted him, turned into a hen and ate him. Nine months later Ceridwen gave birth to the transformed Gwion who eventually became known as the famous bard Taliesin (see Bedd Taliesin). In another story, the lake formed when some careless person forgot to put the lid back on the well at Llangower, which overflowed and drowned the valley and old Bala town in just one night. Some say the lake is rising still and will one day submerge the new town of Bala on the northeastern shore, and that on certain nights the lights from a palace can still be seen shining from the depths. Llyn Tegid was also thought to be bottomless and when an attempt was made to ascertain its depth, a disembodied voice echoed over the water: “Line cannot fathom me. Go, or I will swallow you up!” In more recent years, there have been occasional sightings of a water monster described as having a long, humpbacked body and big eyes. Nicknamed 'Teggie', the monster was the subject of a Japanese TV documentary in 1995 and visitors still hope to catch a glimpse of this elusive creature who may be the embodiment of Ceridwen's husband Tegid Foel, the spirit of Llyn Tegid."
North Wales,8,"Llyn y Dywarchen, Rhyd-Ddu",Llyn y Dywarchen,main,53.058,-4.1508,SH559533,,"There was once a mysterious floating island on Llyn y Dywarchen, a small grassy knoll that the wind blew back and forth across the surface of the lake. It was here that a fairy bride met with her mortal husband after she had been forbidden to walk the earth with any human being. The couple had first met on the slopes of nearby Moel Eilio while he was tending his sheep and he was allowed to marry the fairy woman on the condition that her skin was never touched by iron. They lived happily together with their two children for many years, until one day the fairy's leg accidentally brushed against her horse's stirrups and she left that night. From that time, the husband could only see his wife when she appeared on the mysterious floating island, a liminal place, belonging to neither this world nor the Otherworld, and they would talk when the island drifted close to the shore. Today the only island on Llyn y Dywarchen is fixed and motionless though it is still a liminal place with a magical otherworldly atmosphere. The lake with its backdrop of mountains is in a spectacular setting. Views of the slopes of Moel Eilio can be enjoyed from the campsite on the shores of Llyn Cwellyn. Fairies were said to dance in the meadows around the lake's shores where the enticing strains of fairy music could be heard on moonlit nights. One man was drawn into the dance but when he stepped into the ring he was transported to a beautiful country. He had arranged to meet his sweetheart and after a few hours of dancing decided to go on his way. The fairies allowed him to leave but on returning he found his parents dead and his sweetheart married to another man. He had been gone for seven years and he died of a broken heart within a week."
North Wales,8,"Llyn y Dywarchen, Rhyd-Ddu",Moel Eilio,nearby_feature,53.0974,-4.1582,SH555577,Where the couple first met,
North Wales,8,"Llyn y Dywarchen, Rhyd-Ddu",Llyn Cwellyn campsite,nearby_feature,53.0663,-4.143,SH565542,Views of Moel Eilio,
North Wales,8,"Llyn y Dywarchen, Rhyd-Ddu",Llyn Cwellyn parking,trailhead,53.0733,-4.1445,SH564550,,
North Wales,9,"Merlin's Cave, Bardsey Island",Merlin's Cave / Bardsey Island,main,52.7626,-4.7859,SH121219,,"Pilgrims once flocked to Ynys Enlli, the holy island of Bardsey, where it is said the bodies of 20,000 saints lie buried, but according to some tales it is also the final resting place of the wizard Merlin. Bardsey Island sits a few kilometres off the tip of the Lleyn Peninsula and the island is dominated by a steep hill called Mynydd Enlli where Merlin is said to be sleeping in a cave there with the Thirteen Treasures of Britain. These treasures comprised the following items, each with unique magical properties: Dyrnwyn, the Sword of Rhydderch Hael; The Hamper of Gwyddno Garanhir; The Horn of Bran; The Chariot of Morgan Mwynfawr; The Halter of Clydno Eiddyn; The Knife of Llawfrodedd the Horseman; The Cauldron of Dyrnwch the Giant; The Whetstone of Tudwal Tudglyd; The Coat of Padarn Beisrudd; The Crock, and also the Dish of Rhygenydd Ysgolhaig; The Chessboard of Gwenddoleu; The Mantle of Arthur in Cornwall. Many of the characters referred to are actual historical figures who come from the Scottish Borders region of the 6-7th centuries, an area referred to in Welsh history as Yr Hen Ogledd, 'The Old North', and in particular the kings of Alcluid, the Rock of Dumbarton. The entrance to Merlin's cave on the western slope of Mynydd Enlli is marked by three white quartz boulders. It is also known as the Hermit's Cave after a more recent inhabitant. The cave entrance is small and can only be entered by crawling, but once inside it opens into a cramped cell blocked off by a low wall. Expect to find animal bones inside and big spiders! At the foot of Mynydd Enlli sits the farmhouse Plas-bach where a remarkable apple tree grew against the wall, producing a variety of apple unique to the island. Only the roots of the original tree survive but propagation has ensured that 'Merlin's Apple' is still cultivated and for some, Bardsey's association with Avalon, the Isle of Apples of Arthurian legend, continues. Little remains of the medieval St Mary's Abbey built on the site of the original 6th century Celtic monastery but it is said the spirits of monks can sometimes be seen there before a storm lashes the island. A number of ancient pilgrimage routes once led here from across Wales, including one from St Bueno's Chapel and another from Lllandanwg. The last stop for pilgrims before crossing to Bardsey Island was Ffynnon Fair, St Mary's Well, a freshwater spring that flows into a natural basin at the edge of the rocky shoreline on the mainland. The well is submerged when the tide is in but when the sea recedes fresh water fills the well. It was customary to make a wish by holding a mouthful of spring water while walking three times around ruined St Mary's chapel nearby."
North Wales,9,"Merlin's Cave, Bardsey Island",St Mary's Abbey,nearby_feature,52.7643,-4.7876,SH120221,Medieval abbey ruins on the island,
North Wales,9,"Merlin's Cave, Bardsey Island",Ffynnon Fair / St Mary's Well,nearby_feature,52.7921,-4.7612,SH139251,Mainland pilgrims' well,
North Wales,9,"Merlin's Cave, Bardsey Island",Plas-bach,nearby_feature,52.7604,-4.7887,SH119217,Farmhouse with 'Merlin's Apple' tree,
North Wales,9,"Merlin's Cave, Bardsey Island",Trailhead,trailhead,52.7605,-4.7884,SH119217,400m,
North Wales,9,"Merlin's Cave, Bardsey Island",Boat Trip from Porth Meudwy,trailhead,52.796,-4.7262,SH162255,££££££,
North Wales,10,Mount Snowdon,Mount Snowdon (summit),main,53.0684,-4.0762,SH609543,Very Popular,"The highest mountain in Wales Snowdon and its lakes and valleys are fairy-haunted places that also feature strongly in local Arthurian legend. The Welsh name for Snowdon is Yr Wyddfa, meaning 'the tumulus' – a reference to a legend that a mound on the summit was the burial place of the giant Rhitta Gawr after King Arthur killed him (see Bwlch y Groes). Arthur himself was said to have set out from Dinas Emrys to face his enemies in battle but was killed in a hail of arrows during an ambush at Bwlch y Saethau close to Snowdon's summit. A cairn was raised over his body but this no longer exists. After his death, Sir Bedivere (Bedwyr) took the sword Excalibur and returned it to the Lady of the Lake at Llyn Llydaw. Arthur's army is said to lie sleeping in a hidden cave called Ogof Llanciau Eryri high in the cliffs overlooking the lake, awaiting the day when the king returns to defend Britain. A shepherd once found his way into the cave and accidentally brushed against a bell, at which sound the warriors woke briefly but were angered at being roused too early. Snowdon was also said to be inhabited by eagles that could foretell the outcome of a battle depending on how high they flew over the peaks. A smaller lake, Glaslyn, lies above Llyn Llydaw just below Snowdon's summit. It was in this lake that a fearsome afanc (water monster) was deposited after being dragged by two oxen from the river Conwy near Betws y Coed. Reputed to be bottomless, Glaslyn had a somewhat sinister reputation in the past: its waters were said to be teeming with monstrous fish and no birds would fly over the lake. However, a shepherd who helped a fairy woman he encountered near the lake was richly rewarded. He found the young fairy with her baby, shivering and dressed only in rags, in a dilapidated hut. After the kindly shepherd gave the fairy his shirt to wrap the baby in he found a silver coin in his old clog every evening and over time became a prosperous landowner. Fairies and other strange creatures are said to dance on the shores of Llyn du'r Arddu on Snowdon's northern flank. This small lake has a remote and eerie feel with a fairy-bride legend very similar to those of other Welsh lakes, namely that a mortal man married one of the lake fairies but lost his bride after touching her with iron. There is also a large boulder by the lake Maen du'r Arddu with a smaller rock on top of it. If two people were to spend the night here it is said one will awake a poet but the other will be mad. Fairies are also said to inhabit Cwm y Llan, a valley on the southern side of Snowdon. A shepherd once heard a loud wailing coming from beneath a large boulder in the valley, which he moved and set free the fairy who had been trapped beneath. In gratitude the shepherd was given a magical walking stick and from that time all the ewes in his flock gave birth to twins until years later, when a flood swept away his stick, taking with it all his luck. To the north of Snowdon is Nant Peris village where the waters of St Peris's holy well Ffynnon Beris were reputed to heal conditions such as rickets, scrofula and rheumatism. There were two fish in the well and if they emerged during bathing the cure would be successful; if they remained hidden the visit would have been in vain. Needless to say, those seeking a cure tried to tempt the fish out with pieces of bread sprinkled on the water before bathing. Prior to this, an eel living in the well would coil itself around bathers who were going to be cured. All went well until one day it coiled itself around a little girl who died of fright! The well now lies in a private garden and permission must be sought before visiting. Lying at the heart of Snowdonia National Park, Mount Snowdon is one of the most visited places in Wales with thousands of people climbing the summit and exploring the lakes and surrounding countryside every year. Numerous walking paths wind their way up the mountainside and the Snowdon Mountain Railway has carried passengers to the summit from Llanberis since 1896. The giant Rhitta's burial mound no longer exists and the summit has been flattened to make way for a café and gift shop, but the views alone make the ascent worthwhile. On a clear day you can take in the whole of Anglesey and the Lleyn Peninsula before hiking downhill through a magically enchanted landscape."
North Wales,10,Mount Snowdon,"Snowdon Mountain Railway, Llanberis",trailhead,53.1159,-4.1194,SH582597,££££ one way; advance booking essential,
North Wales,10,Mount Snowdon,Bwlch y Saethau,nearby_feature,53.0665,-4.069,SH614541,Site of Arthur's ambush; 850m from summit,
North Wales,10,Mount Snowdon,Llyn Llydaw,nearby_feature,53.0691,-4.0488,SH628543,Excalibur returned here; 3km from summit,
North Wales,10,Mount Snowdon,Glaslyn,nearby_feature,53.0713,-4.0639,SH618546,Afanc lake; 1.7km from summit,
North Wales,10,Mount Snowdon,Llyn du'r Arddu,nearby_feature,53.0803,-4.0892,SH601557,Fairy-bride lake; 1.7km from summit,
North Wales,10,Mount Snowdon,Maen du'r Arddu,nearby_feature,53.0823,-4.0981,SH595559,Poet-or-madman boulder,
North Wales,10,Mount Snowdon,Cwm y Llan,nearby_feature,53.0498,-4.0669,SH615522,"Fairy valley, southern side",
North Wales,10,Mount Snowdon,Cwm y Llan Trailhead Parking,trailhead,53.0359,-4.0477,SH627506,2.8km,
North Wales,10,Mount Snowdon,Ffynnon Beris,nearby_feature,53.1043,-4.0799,SH608583,Holy well at Nant Peris; private land,
North Wales,11,Rock of Harlech,Rock of Harlech,main,52.8599,-4.1092,SH580312,Popular ££,"Medieval Harlech Castle is built upon the ancient Rock of Harlech, a massive outcrop which, according to traditional folklore, is where Welsh hero Bran the Blessed's fortress was located. From Harlech, Bran and his men set out to Ireland to rescue his sister Branwen from her disastrous marriage to the Irish king Matholwch. A huge fleet of ships set sail but Bran was so gigantic he could wade across the Irish Sea on foot! During the ensuing battle Bran was mortally wounded and requested that his companions cut off his head and bury it at the White Mount, where the Tower of London now stands. The decapitated head could still speak and kept them company with his good humour. They returned to Harlech for seven years, and then spent a further 80 years on Gwales, a magical island (possibly Grassholm off the Pembrokeshire coast) before finally taking Bran's head to the White Mount. Now a World Heritage Site, Harlech Castle is an impressive ruin where you can look out to sea and conjure up visions of legendary expeditions."
North Wales,12,"St Beuno's Well & Chapel, Clynnog-Fawr",St Beuno's Well,main,53.0187,-4.367,SH413494,,"Pilgrims walking to Bardsey Island could stop off at St Beuno's Well and Chapel to partake in a healing ritual. After bathing in the well, the sick would spend the night spread out on St Beuno's cold stone tomb. If they could sleep, the cure would be effective. At the present-day church at Clynnog-Fawr, a narrow passageway leads to St Beuno's Chapel, thought to have been built on the site of the original 7th century chapel where St Beuno is buried. An ancient chest carved from a single ash log and once used to collect alms from the pilgrims can still be found in the church, along with a stone where St Beuno inscribed a cross with his thumb. The well, surrounded by a rectangular stone enclosure, lies a short distance from the church alongside the road."
North Wales,12,"St Beuno's Well & Chapel, Clynnog-Fawr",St Beuno's Chapel,nearby_feature,53.0208,-4.3655,SH414496,At Clynnog-Fawr church,
North Wales,13,"St Cybi's Well, Llangybi",St Cybi's Well,main,52.9457,-4.3421,SH427412,,"The picturesque ruins of St Cybi's Well lie in a secluded spot on the outskirts of Llangybi. The healing spring waters collect in two well chambers before flowing out along stone-lined channels across a grassy meadow. At one time a sacred eel lived in the well and when it coiled itself around a sufferer's legs, healing would be successful. Young women also performed a divination ritual at the well to determine a lover's faithfulness. If a rag thrown into the water floated south he would be loyal, but if the rag went north then only disappointment awaited. The ruinous state of the well and attached building only enhances the romantic and magical atmosphere of this place through which the healing waters still flow strongly."
North Wales,13,"St Cybi's Well, Llangybi",Trailhead,trailhead,52.9448,-4.3398,SH428411,200m,
North Wales,14,"Bryn Celli Ddu, Llanddaniel Fab",Bryn Celli Ddu,main,53.2077,-4.2362,SH507701,,"The reconstructed Neolithic burial mound of Bryn Celli Ddu, 'The Mound in the Dark Grove', is one of Wales' most iconic prehistoric landmarks. The entrance to the round grassy mound, flanked by large stone slabs, leads to a narrow interior passage that opens out into an octagonal chamber. As the sun rises on the summer solstice, a ray of light aligns with the passageway and illuminates this internal chamber. Inside it is an unusual stone pillar, its phallic shape suggesting past associations with fertility, where people often leave offerings. Another standing stone outside the mound is incised with sinuous carvings and known as the Pattern Stone."
North Wales,15,Holyhead Mountain,Holyhead Mountain,main,53.3134,-4.6755,SH218829,,"Off the western side of Anglesey, Holy Island was once Anglesey's most sacred place, both to the ancient Druids and in later Celtic Christianity. Its highest point is Holyhead Mountain and a hillfort, standing stones and traces of other ancient constructions are all found in the vicinity of the mountain, which has been a significant landmark for millennia. In the 6th century St Cybi founded a monastic settlement in Holyhead within the old Roman fort, where the medieval St Cybi's Church still stands. St Cybi was said to meet up regularly with St Seiriol from Penmon on the other side of Anglesey (see St Seiriol's Well). Walking eastwards in the morning and returning westwards in the evening, St Cybi always faced the sun and so was known as St Cybi the Tawny. St Seiriol, who travelled in the opposite direction and didn't catch the sun, became known as St Seiriol the Fair. They met at St Cybi's Well in the centre of Anglesey. This curious tale linking the three sites with the passage of the sun possibly has some astrological significance. Towards the southern end of Holy Island at St Gwenfaen's Well a traditional offering of two white quartz pebbles dropped into the water was said to cure mental illness. The spring is surrounded by the remains of a drystone well-house standing in an exposed location at the top of a cliff."
North Wales,15,Holyhead Mountain,Trailhead,trailhead,53.3121,-4.6658,SH225827,1km,
North Wales,15,Holyhead Mountain,St Cybi's Church,nearby_feature,53.3116,-4.6325,SH247826,Medieval church within the old Roman fort,
North Wales,15,Holyhead Mountain,St Cybi's Well (Anglesey centre),nearby_feature,53.3184,-4.4025,SH400828,Where St Cybi met St Seiriol,
North Wales,15,Holyhead Mountain,St Gwenfaen's Well,nearby_feature,53.2473,-4.61,SH259754,Quartz-pebble cure for mental illness,
North Wales,15,Holyhead Mountain,St Gwenfaen's Well Trailhead Parking,trailhead,53.2454,-4.5907,SH272751,1.8km,
North Wales,16,"Llanddwyn Island, Newborough",Llanddwyn Island / St Dwynwen's Well,main,53.1386,-4.4132,SH386628,Secret / Secluded,"On the southwestern tip of Anglesey, this island is actually a narrow peninsula connected to the mainland by a slender neck of dunes. Llanddwyn is sacred to St Dwynwen, patron saint of lovers (see also Reynard's Cave), who founded an abbey there in the 5th century and you can still see the remains of 16th-century St Dwynwen's Church. Immediately west of the church is a small sandy cove and just north of this, hidden in the grassy banks just above the rocks, is St Dwynwen's Well. Local people were said to visit the well to test the faithfulness of their potential marriage partners by sprinkling crumbs of fresh bread upon the surface of the water and then placing a handkerchief over them. If the well's magic eel dragged the handkerchief under as it ate the crumbs then the lover was unfaithful. Between the ruined church and the well is a curious rock with a deep gash in the top that miraculously appeared when St Dwynwen was dying and requested one last view of the sea. St Dwynwen also had a magical ability, granted to her by an angel: any true lover who came to seek her help would either achieve the object of their desire or be cured of their passion. She had chosen the latter for herself. Access to this 'Island of Lovers' is from the large car park by the popular sandy beach then a 1.5km walk along the shore. The island itself is fringed by hidden sandy coves and ends with a lighthouse at its southernmost extremity."
North Wales,16,"Llanddwyn Island, Newborough",St Dwynwen's Church,nearby_feature,53.1375,-4.4129,SH386627,16th-century ruined church,
North Wales,16,"Llanddwyn Island, Newborough",Trailhead Parking,trailhead,53.1443,-4.3852,SH405634,£; 1.5km,
North Wales,17,"St Seiriol's Well, Penmon",St Seiriol's Well,main,53.3063,-4.0567,SH630807,,"A rare survival of early Celtic Christianity, 6th-century St Seiriol's Well and the foundations of his circular hermit's cell stand by a rocky crag just outside medieval Penmon Priory. St Seiriol founded his monastery at Penmon next to this well, now within a stone well-house. The well had a reputation for healing and was visited by many pilgrims seeking a cure after visiting the saint's shrine. He was a great friend of St Cybi (see Holyhead Mountain) and the two would regularly meet near Llanerchymedd at the centre of the island – an indication of a possible ancient connection between these two sites at opposite ends of Anglesey. The well and the priory overlook Conwy Bay and Puffin Island, which is also known as Ynys Seiriol since the saint once also lived there and founded a monastery on the island."
North Wales,18,Betws y Coed Fairy Glen & the River Conwy,Betws y Coed Fairy Glen,main,53.0722,-3.7919,SH800542,Popular £,"Flowing northwards towards the village of Betws y Coed, the river Conwy passes through the Fairy Glen, a narrow, wooded ravine strewn with boulders and rocks where the fairies are said to dwell. Narrow uneven steps lead down the side of the rocky gorge which is covered in mosses and ferns then the gorge widens into a more open area where you can sit on the rocks and contemplate the swirling waters and fairy-haunted crevices. Numerous sightings of the fairies have been reported here over the years. Further north up the Conwy valley the fairies were said to dance on the flat ground between Trefriw and Llanrwst. One young man who entered the fairy ring to dance was rescued a year later by his friends. At first, he refused to believe he had been dancing for so long but they pointed to his shoes, which had been new when he entered the fairy ring but were now tattered and worn. It was believed locally that the fairies of the river Conwy dwelt seven years on earth, seven in the air and seven underground. A fearsome afanc (water monster) was also said to inhabit a pool in the Conwy just north of Betws y Coed. It was enticed out of the pool by a beautiful young woman who lulled the beast to sleep so it could be bound in chains and dragged away overland by the two famous long-horned oxen known as Dau Ychain Banawg. They hauled the afanc westwards, through the mountain pass at Bwlch Rhiw'r Ychen the 'Ox Gap' and an area of moorland that became a pool, the Pool of the Oxen's Eye, was also named after them. Eventually the afanc was deposited in Glaslyn (see Mount Snowdon). Here we have a classic example of a British 'songline' incorporating several named landscape features."
North Wales,18,Betws y Coed Fairy Glen & the River Conwy,Trailhead Parking,trailhead,53.0751,-3.7945,SH798546,£; 600m,
North Wales,18,Betws y Coed Fairy Glen & the River Conwy,Trefriw,nearby_feature,53.1509,-3.8245,SH780630,Fairy dancing ground,
North Wales,18,Betws y Coed Fairy Glen & the River Conwy,Llanrwst,nearby_feature,53.14,-3.7936,SH801618,Fairy dancing ground,
North Wales,18,Betws y Coed Fairy Glen & the River Conwy,Bwlch Rhiw'r Ychen,nearby_feature,53.0677,-3.9745,SH677540,The 'Ox Gap',
North Wales,19,"Castell Dinas Bran, Llangollen",Castell Dinas Bran,main,52.9793,-3.1589,SJ222430,Popular,"Towering over the town of Llangollen, the atmospheric ruins of Castell Dinas Bran stand atop its dramatic fairy-haunted hill. The medieval castle was built on the site of an earlier Iron Age fort that some believe was a stronghold of the legendary hero Bran the Blessed although in Arthurian lore, this location is a strong contender for the Fisher King's Grail Castle. One early version of the Grail legend names the Fisher King as Bron and the castle corbin, an old French term for raven, which is also the meaning of the name Bran. The town of Llangollen takes its name from St Collen. He was said to have confronted the fairy king Gwyn ap Nudd whose enchanted palace was concealed within the hill. Gwyn welcomed St Collen, inviting him to join the feast but the saint threw holy water over the assembled fairy court which instantly disappeared leaving St Collen alone on the hillside. The same story is also told of Glastonbury Tor but given the saint's long association with Llangollen it would seem likely that the tale originated here. One summer evening Tudur, a shepherd boy, encountered fairies dancing on the hillside. A tiny man with a fiddle was joined by a host of equally tiny dancers and the fantastic scene proved too tempting so Tudur was compelled to join them. The shepherd danced all night until his master came looking for him the next morning and broke the enchantment. The location of the encounter became known as Nant yr Ellyllon, 'Hollow of the Elves', which is likely to be the hollow on the far side of Castell Dinas Bran, away from the town. In nearby Llandyn Hall Woods on the eastern edge of Dinas Bran a vast and ancient walnut tree grew and the fairies celebrated their marriages beneath its boughs. It was cut down over 200 years ago but in the process a branch fell and killed a man – reputedly an act of revenge by the fairies at the loss of their wedding tree. Fairies were also encountered at Eglwseg Rocks a rocky escarpment running north of Dinas Bran. A man walking there one summer night saw a group of fairies accompanied by a dog. The entrance to their subterranean home was said to be a hole hidden below a stone."
North Wales,19,"Castell Dinas Bran, Llangollen",Trailhead,trailhead,52.9813,-3.1524,SJ227432,500m,
North Wales,19,"Castell Dinas Bran, Llangollen",Llandyn Hall Woods,nearby_feature,52.977,-3.1527,SJ226428,Fairies' walnut wedding tree,
North Wales,19,"Castell Dinas Bran, Llangollen",Eglwseg Rocks,nearby_feature,52.9948,-3.1665,SJ218448,Fairy escarpment north of Dinas Bran,
North Wales,20,"Moel Arthur, Nannerch",Moel Arthur,main,53.1845,-3.2805,SJ145660,,"This steep hill, crowned with an Iron Age fort, is said to be the site of a battle between King Arthur and Saxon invaders. The fight did not go in Arthur's favour and he escaped on his horse, a magical beast able to leap over large distances. As the pair rode south, they leapt over a cliff near Loggerheads and landed on a stone which still bears the imprint of the horse's hoof. Now named Carreg Carn March Arthur, this ancient boundary stone lies next to the A494 road. Moel Arthur is also reputed to contain treasure watched over by a mysterious woman in grey and buried in an iron chest. Sometimes the chest emits a supernatural light to reveal its location but whenever an attempt is made to uncover the treasure a fierce storm blows in and drives the diggers away. One man who went up the hill with his pickaxe encountered the grey lady who gave him a pea pod and told him to go home. He did as he was told and on returning home found golden peas inside the pod. The grey lady could be seen as a fairy guardian or an embodiment of the hill's spirit of place."
North Wales,20,"Moel Arthur, Nannerch",Carreg Carn March Arthur,nearby_feature,53.1551,-3.1942,SJ202626,Hoof-print boundary stone by the A494,
North Wales,20,"Moel Arthur, Nannerch",Trailhead Parking,trailhead,53.1823,-3.2779,SJ146657,800m,
North Wales,21,"St Tecla's Well, Llandegla",St Tecla's Well,main,53.0616,-3.2029,SJ194522,,"The waters of St Tecla's well were reputed to cure epilepsy, known locally as clwyf Tegla, 'Tecla's disease'. In a bizarre ritual said to cure the condition and first recorded in the 17th century, the afflicted person washed their limbs in the well at dusk before walking around it three times while carrying a chicken. They then had to walk around the church three times before spending the night under the altar with the chicken. An offering of money was dropped in the well and the chicken was left in the church. If the chicken died, the ritual had been successful, leaving the patient cured. This practice was said to have continued for many years, with subsequent writers adding more elaborate steps to the ritual including pricking the chicken with a pin. An excavation at the well uncovered layers of pins and coins, suggesting that at least some aspects of the story are true. The well now sits in the dappled shade of overhanging trees and the spring water fills a shallow, stone-lined pool overgrown with vegetation."
North Wales,21,"St Tecla's Well, Llandegla",Trailhead,trailhead,53.0627,-3.2029,SJ194523,100m,
North Wales,22,"St Trillo's Chapel, Rhos on Sea",St Trillo's Chapel,main,53.3144,-3.7406,SH841811,,"Laying claim to the title of smallest church in Britain, St Trillo's Chapel was founded by the saint in the 6th century on the site of an ancient sacred spring. St Trillo was guided to the spot by a glowing column of light that emanated from the natural spring which he found to have healing properties. The well lies beneath the altar inside the tiny stone chapel close to the seafront with seating for only six people. It is opened daily for visitors."
North Wales,23,"St Winefride's Well, Holywell",St Winefride's Well,main,53.2771,-3.2235,SJ185762,Popular £,"The only holy well and religious shrine in the country to survive the Reformation intact, St Winefride's is one of the most famous holy wells in Britain. Founded in the 7th century it is still a major place of pilgrimage visited by thousands each year, and many miraculous acts of healing have been known to occur there. The spring is said to have emerged at the place where St Winefride's severed head struck the ground following her decapitation by Caradog, a local chieftain whose advances she spurned. Her uncle St Beuno miraculously restored the saint to life, although she bore a fine white scar around her neck as a reminder of her ordeal. Cast-off crutches and other memorabilia are displayed around the well – testament to the many who have been cured. The current elaborate stone chapel was built over the spring in the Tudor period and features a star-shaped pool where the crystal-clear waters emerge, and a large bathing pool where pilgrims immerse themselves before kneeling to pray on Beuno's Stone in the water. The red staining on this and smaller stones in the well are said to be from St Winefride's blood. To the side is St Winefride's shrine where pilgrims leave lighted candles, rosaries and other offerings. St Winefride's Well has been called one of the seven wonders of Wales and still retains the feel of a venerated Catholic shrine and pilgrimage site although its origins are far older and rooted in Celtic Christianity."
North Wales,24,Pennant Melangell Church,Pennant Melangell Church,main,52.8276,-3.4497,SJ024265,,"Within the remote little church at Pennant Melangell is the 12th-century shrine to St Melangell, the patron saint of hares, which are known locally as 'Melangell's lambs'. According to legend, Brochwel Prince of Powys and his hounds were pursuing a hare when they came across a strange young woman at prayer in the forest. The terrified hare hid beneath her cloak and despite being urged on by the prince the hounds refused to go near her. When Brochwel demanded her name she identified herself as Melangell, adding she had escaped an arranged marriage in Ireland so that she might worship God in peace. Realising he was in the presence of a saint, Brochwel granted her the land in the valley where the church still stands. The story of St Melangell, the hare and Prince Brochwel is carved into the 15th-century wooden rood screen in the church, while offerings are frequently left at her restored shrine which incorporates a natural rock outcrop. The church itself stands in a circular churchyard, thought to be a Bronze Age burial site and ringed by ancient yew trees – a sure sign that this sacred place is very ancient indeed. St Melangell may be a pre-Christian goddess whose story has been amended to incorporate changing beliefs over the centuries."
North Wales,25,Pistyll Rhaeadr & the Berwyn Mountains,Pistyll Rhaeadr (waterfall parking),main,52.855,-3.3768,SJ073295,£; Popular,"Described as one of the seven wonders of Wales, Pistyll Rhaeadr claims to be Wales' highest waterfall where water from the Berwyn Mountains drops 80m over three stages. The middle fall passes beneath the 'Fairy Bridge', a natural stone arch that the fairies who live in the mossy cliffs are said to cross. Two spirits haunt the waterfall: at the upper falls a white lady with long skirts, her face concealed behind her hair, has appeared, while a monk has been seen by the pool at the bottom of the lower fall. On occasion the water would flow with a reddish tinge which gave rise to the belief that it was blood from the victims of a monstrous winged serpent that made its lair in the rocks at the top of the waterfall. The gwiber, a Welsh dragon, had lairs at Craig Sychtyn, now just over the border in Shropshire, and at Penygarnedd. It would fly between them, wreaking havoc and killing people and livestock. It was eventually killed after a wise woman advised the locals to drape a red cloth over a pillar with sharp spikes attached. The gwiber, enraged by the red cloth, coiled itself around the post but as it squeezed tighter the spikes killed it. Known as Post y Wiber, this prehistoric stone pillar still stands at the edge of a field. The magical Pistyll Rhaeadr waterfall acts as a gateway to an otherworldly kingdom in the Berwyn Mountains and the entrance, guarded by a magical fish, lies in the waters of Llyn Lluncaws. The trail past the lake leads along a high ridge and eventually reaches the summit of Cadair Bronwen. Near the summit lies Bwrdd Arthur, 'King Arthur's Table', a large flat rock that conceals buried treasure although a terrible storm will blow up whenever anyone tries to uncover it. An alternative location for this treasure is a hidden chamber with a great sword hanging over the entrance that will fall on anyone trying to enter. Cadair Bronwen was once home to a giant whose brother lived on Cadair Idris and the two shared a hammer which they would throw back and forth between their mountaintops. One day Idris, angry at how often his brother used the hammer, threw it so hard that it sailed right over the mountain and landed some kilometres away near Llanarmon Dyffryn Ceiriog where it left a deep hollow in the ground. There is also a belief that the spirit of Welsh hero Owain Glyndwr, who led an uprising against the English in the early 15th century, resides in the Berwyn Mountains, waiting for the day when he will lead the Welsh to victory. South of the Berwyns, overlooking the village of Llanfyllin, St Myllin's Well was a popular healing site and visited by the villagers on Trinity Sunday. It is situated below a large sycamore tree and the water flows down through a series of stone basins. Hikers and day trippers often spurn the remote and mystical Berwyn mountains in favour of the more popular Snowdonia. The Pistyll Rhaeadr waterfall itself is often busy and has a small café with images of the dragon, but with such a wealth of folklore in the surrounding area it is well worth exploring farther afield."
North Wales,25,Pistyll Rhaeadr & the Berwyn Mountains,Craig Sychtyn,nearby_feature,52.824,-3.1414,SJ231257,Gwiber's lair (now in Shropshire),
North Wales,25,Pistyll Rhaeadr & the Berwyn Mountains,Post y Wiber,nearby_feature,52.814,-3.282,SJ136248,Prehistoric pillar; private land,
North Wales,25,Pistyll Rhaeadr & the Berwyn Mountains,Llyn Lluncaws,nearby_feature,52.8738,-3.3799,SJ072315,Gateway lake; 2.8km,
North Wales,25,Pistyll Rhaeadr & the Berwyn Mountains,Cadair Bronwen,nearby_feature,52.9014,-3.3729,SJ077346,Giant's summit; 6.5km,
North Wales,25,Pistyll Rhaeadr & the Berwyn Mountains,Bwrdd Arthur / King Arthur's Table,nearby_feature,52.9013,-3.3731,SJ077346,Treasure rock near summit,
North Wales,25,Pistyll Rhaeadr & the Berwyn Mountains,St Myllin's Well,nearby_feature,52.7661,-3.2788,SJ138194,Healing well above Llanfyllin,
North Wales,26,"St Dyfnog's Well, Llanrhaeadr",St Dyfnog's Well,main,53.1592,-3.3779,SJ079633,,"In the medieval era, St Dyfnog's was considered one of Wales' major holy wells and celebrated in poems that praised its healing waters. Being close to St Winefride's Well pilgrims often visited both places, doubling their chances of a cure. The waters of St Dyfnog's were noted for their particularly strong flow and were considered especially good for healing skin injuries and smallpox. Older accounts talk of a marble-lined pool surrounded by statues and ancillary buildings that housed a chapel and changing rooms. Today, hidden away in a clearing behind the church at Llanrheadr, all that survives is a large rectangular stone immersion pool with steps leading down into the water. Even though its glory days are long past, modern day pilgrims are rediscovering this ancient healing well in its enchanted woodland setting."
